fid;fg;ftype;fname;foptions;ftitle;mts;shortname;in_view
99902000;99902;text;Eltern;;Menue;"2025-07-16 09:32:37";;
99902001;99902;text;Menueintrag;;Menue;"2025-07-16 09:32:37";;
99902002;99902;text;Ebene;;Menue;"2025-07-16 09:32:37";;
99902003;99902;text;Reihenfolge;;Menue;"2025-07-16 09:32:37";;
99902004;99902;text;OnClick;;Menue;"2025-07-16 09:32:37";;
99902005;99902;text;Call;;Menue;"2025-07-16 09:32:37";;
99902006;99902;text;"Link (no-parse)";;Menue;"2025-07-16 09:32:37";;
99902007;99902;text;href;;Menue;"2025-07-16 09:32:37";;
99902008;99902;text;rights;;Menue;"2025-07-16 09:32:37";;
10000001;10000;text;Zentrumssnummer;;Institution;"2025-07-16 09:32:45";;
10000002;10000;text;Zentrumsname;;Institution;"2025-07-16 09:32:45";;
10000003;10000;text;Ansprechpartner*in;;Institution;"2025-07-16 09:32:45";;
10000004;10000;text;E-Mail;;Institution;"2025-07-16 09:32:45";;
10000005;10000;text;Telefon;;Institution;"2025-07-16 09:32:45";;
99901000;99901;text;Modultyp;;MIQ_Modul;"2025-07-16 09:32:55";;
99901001;99901;text;"Modulnummer (fg)";;MIQ_Modul;"2025-07-16 09:32:55";;
99901002;99901;text;Modulname;;MIQ_Modul;"2025-07-16 09:32:55";;
99901003;99901;text;"Formular-Bezeichnung /Form-Link";;MIQ_Modul;"2025-07-16 09:32:55";;
99901004;99901;text;Listen-Bezeichnung;;MIQ_Modul;"2025-07-16 09:32:55";;
99901010;99901;text;"Positionierung FORM";;MIQ_Modul;"2025-07-16 09:32:55";;
99901011;99901;text;"Positionierung LIST";;MIQ_Modul;"2025-07-16 09:32:55";;
99901012;99901;text;limit;;MIQ_Modul;"2025-07-16 09:32:55";;
99901015;99901;text;url;;MIQ_Modul;"2025-07-16 09:32:55";;
99901016;99901;text;"Daten anlegen";;MIQ_Modul;"2025-07-16 09:32:55";;
99901017;99901;text;"Work Mode";;MIQ_Modul;"2025-07-16 09:32:55";;
99901018;99901;text;Winbox-Options;;MIQ_Modul;"2025-07-16 09:32:55";;
99901019;99901;text;Multiple-Open;;MIQ_Modul;"2025-07-16 09:32:55";;
100;1;text;Beschre;;test;"2025-07-17 17:59:23";;
110;1;checkbox;CHECK;;test;"2025-07-17 17:59:23";;
90;10010;text;;;Patientenbefragung;"2025-07-19 16:17:44";;
91;10010;text;;;Patientenbefragung;"2025-07-19 16:17:44";;
92;10010;text;;;Patientenbefragung;"2025-07-19 16:17:44";;
93;10010;text;;;Patientenbefragung;"2025-07-19 16:17:44";;
102550;10010;text;[patient.gender];;Patientenbefragung;"2025-07-19 16:17:44";;
102600;10010;number;"[CEDUR3.Allgemein.CDAI_Size]Wie groß sind Sie?|in cm";110|240|1;Patientenbefragung;"2025-07-19 16:17:44";Größe;
102700;10010;number;"[CEDUR3.Allgemein.CDAI006]Wie viel wiegen Sie?|in kg";30|300|1;Patientenbefragung;"2025-07-19 16:17:44";Gewicht;
102800;10010;select;"[CEDUR3.Allgemein.Raucher]Rauchen Sie?";Ja|Nein;Patientenbefragung;"2025-07-19 16:17:44";;
103400;10010;number_1;"[CEDUR3.Allgemein.menge_zigarette]Wie viele Zigaretten pro Tag?|in Stck.";0|150|1;Patientenbefragung;"2025-07-19 16:17:44";;
103000;10010;number_1;"[CEDUR3.Allgemein.menge_ezig]Wie viele E-Zigaretten pro Tag?|in Stck.";0|150|1;Patientenbefragung;"2025-07-19 16:17:44";;
103300;10010;number_1;"[CEDUR3.Allgemein.menge_zigar]Wie viele Zigarillos / Zigarren pro Tag?|in Stck.";0|150|1;Patientenbefragung;"2025-07-19 16:17:44";;
103100;10010;number_1;"[CEDUR3.Allgemein.mengepfeif]Wie viele Pfeifen pro Tag?|in Stck.";0|150|1;Patientenbefragung;"2025-07-19 16:17:44";;
103200;10010;number_1;"[CEDUR3.Allgemein.menge_tabaker]Wie viele Tabakerhitzer pro Tag?|in Stck.";0|150|1;Patientenbefragung;"2025-07-19 16:17:44";;
106000;10010;select;"[CEDUR3.Allgemein.taetigkeit]Wie sind Sie zur Zeit tätig?";"Angestellt tätig|Selbständig tätig|Student*in / Schüler*in / Auszubildende(r)|Arbeitssuchend / Arbeitslos|Elternzeit|Berentet aufgrund CED|Berentet aufgrund anderer Erkrankungen|Nicht berufstätig|Rentner*in";Patientenbefragung;"2025-07-19 16:17:44";;
106500;10010;text;"[CEDUR3.Allgemein.Erwerb]@10@Welche Erwerbstätigkeit üben Sie derzeit aus (Beruf)?";;Patientenbefragung;"2025-07-19 16:17:44";;
106600;10010;number;"[CEDUR3.Allgemein.Erwer_h]@10@Umfang der aktuellen Tätigkeit in Stunden pro Woche?";1|60|1;Patientenbefragung;"2025-07-19 16:17:44";;
106200;10010;select;"[CEDUR3.Allgemein.CDAI002]@10@Waren Sie in den letzten 6 Monaten aufgrund Ihrer CED krankgeschrieben?";Ja|Nein;Patientenbefragung;"2025-07-19 16:17:44";;
106300;10010;number;"[CEDUR3.Allgemein.Fehltage]@30@Wie viele Tage?|Angabe in Tagen";1|180|1;Patientenbefragung;"2025-07-19 16:17:44";;
106400;10010;number;"[CEDUR3.Allgemein.Rentezeit]@10@Seit wann sind Sie wegen Ihrer CED berentet?|Jahr (vierstellig)";1950|this_year|1;Patientenbefragung;"2025-07-19 16:17:44";;
106100;10010;text;"[CEDUR3.Allgemein.berentedErkrankung]@10@Aufgrund welcher Erkrankung sind sie berentet?";;Patientenbefragung;"2025-07-19 16:17:44";;
106700;10010;select;"[CEDUR3.Allgemein.Erwerb_Schul]Welchen Schulabschluß haben Sie?";"Keinen Schulabschluß|Hauptschule|Mittlere Reife|Abitur/Fachabitur";Patientenbefragung;"2025-07-19 16:17:44";;
105000;10010;select;"[CEDUR3.Allgemein.Verwandte]Sind Verwandte von Ihnen an einer CED erkrankt?";Ja|Nein;Patientenbefragung;"2025-07-19 16:17:44";;
105100;10010;select;"[CEDUR3.Allgemein.Verwandte_MutterVater]Mutter / Vater";Ja|Nein;Patientenbefragung;"2025-07-19 16:17:44";;
105200;10010;select;"[CEDUR3.Allgemein.Verwandte_BruderSchwester]Bruder / Schwester";Ja|Nein;Patientenbefragung;"2025-07-19 16:17:44";;
105300;10010;select;[CEDUR3.Allgemein.zwilling]@3@Zwilling;Ja|Nein;Patientenbefragung;"2025-07-19 16:17:44";;
105400;10010;select;"[CEDUR3.Allgemein.Verwandte_SohnTochter]Sohn / Tochter";Ja|Nein;Patientenbefragung;"2025-07-19 16:17:44";;
105500;10010;select;"[CEDUR3.Allgemein.Verwandte_GrossvaterGrossmutter]Großvater / Großmutter";Ja|Nein;Patientenbefragung;"2025-07-19 16:17:44";;
105600;10010;select;"[CEDUR3.Allgemein.Verwandte_TanteOnkel]Tante / Onkel";Ja|Nein;Patientenbefragung;"2025-07-19 16:17:44";;
105700;10010;select;"[CEDUR3.Allgemein.Verwandte_NeffeNichte]Neffe / Nichte";Ja|Nein;Patientenbefragung;"2025-07-19 16:17:44";;
105800;10010;select;"[CEDUR3.Allgemein.Verwandte_CousinCousine]Cousin / Cousine";Ja|Nein;Patientenbefragung;"2025-07-19 16:17:44";;
105900;10010;select;[CEDUR3.Allgemein.Verwandte_Andere]Andere;Ja|Nein;Patientenbefragung;"2025-07-19 16:17:44";;
108500;10010;select;"[CEDUR3.Allgemein.Schwanger]Sind Sie schwanger?";Ja|Nein;Patientenbefragung;"2025-07-19 16:17:44";;
109100;10010;select;"[CEDUR3.Allgemein.Schwanger_Schwangerschaftsanzahl]Waren Sie schon einmal schwanger?";Ja|Nein;Patientenbefragung;"2025-07-19 16:17:44";;
109200;10010;select;"[CEDUR3.Allgemein.Schwanger_Schwangerschaftsanzahl_Zahl]Anzahl der Schwangerschaften?|Angabe 1 bis ≥7";1|2|3|4|5|6|≥7;Patientenbefragung;"2025-07-19 16:17:44";;
109300;10010;select;"[CEDUR3.Allgemein.Schwanger_Schwangerschaftsanzahl_Lebendgeburt]War die letzte Schwangerschaft innerhalb der letzten 6 Monate?";Ja|Nein;Patientenbefragung;"2025-07-19 16:17:44";;
109400;10010;select;"[CEDUR3.Allgemein.Schwanger_Schwangerschaftsanzahl_Lebendgeburt_Komplikationen]@10@Gab es Komplikationen während Ihrer letzten Schwangerschaft?";Ja|Nein;Patientenbefragung;"2025-07-19 16:17:44";;
110100;10010;select;"[CEDUR3.Allgemein.Schwanger_Schwangerschaftsanzahl_Lebendgeburt_Status]@10@Ist Ihr Kind gesund?";Ja|Nein;Patientenbefragung;"2025-07-19 16:17:44";;
109500;10010;number;"[CEDUR3.Allgemein.Schwanger_Schwangerschaftsanzahl_Lebendgeburt_SSW]@10@Schwangerschaftswoche bei Geburt?";22|43|1;Patientenbefragung;"2025-07-19 16:17:44";;
109700;10010;select;"[CEDUR3.Allgemein.Schwanger_Schwangerschaftsanzahl_Lebendgeburt_Geschlecht]@10@Geschlecht des Kindes?";männlich|weiblich;Patientenbefragung;"2025-07-19 16:17:44";;
109600;10010;select;"[CEDUR3.Allgemein.Schwanger_Schwangerschaftsanzahl_Lebendgeburt_Verlauf]@10@Wie verlief die Geburt?";"spontan|geplanter Kaiserschnitt|spontaner Kaiserschnitt|vaginal-operative Entbindung (Verwendung von Saugglocke oder Geburtszange)";Patientenbefragung;"2025-07-19 16:17:44";;
109800;10010;number;"[CEDUR3.Allgemein.Schwanger_Schwangerschaftsanzahl_Lebendgeburt_Gewicht]@10@Geburtsgewicht?|in g";400|10000|1;Patientenbefragung;"2025-07-19 16:17:44";;
109900;10010;number;"[CEDUR3.Allgemein.Schwanger_Schwangerschaftsanzahl_Lebendgeburt_Größe]@10@Körpergröße bei Geburt?|in cm";20|700|1;Patientenbefragung;"2025-07-19 16:17:44";;
110000;10010;number;"[CEDUR3.Allgemein.Schwanger_Schwangerschaftsanzahl_Lebendgeburt_Kopf]@10@Kopfumfang bei Geburt?|in cm";20|100|1;Patientenbefragung;"2025-07-19 16:17:44";;
108600;10010;number;"[CEDUR3.Allgemein.Schwanger_Woche]In welcher Woche sind Sie schwanger?|Angabe Woche 4 bis 45";4|45|1;Patientenbefragung;"2025-07-19 16:17:44";;
108700;10010;date_tc;"[CEDUR3.Allgemein.Schwanger_Geburtstermin]Wann ist der errechnete Geburtstermin?";this_year|next_year|false|true|Y(MD)|de;Patientenbefragung;"2025-07-19 16:17:44";;
108800;10010;select;"[CEDUR3.Allgemein.Schwanger_CED Behandlung]Wurde wegen der Schwangerschaft die CED Behandlung verändert?";Ja|Nein;Patientenbefragung;"2025-07-19 16:17:44";;
108900;10010;select;"[CEDUR3.Allgemein.Schwanger_vorherige Schwangerschaften]Waren Sie vor dieser aktuellen Schwangerschaft schon einmal schwanger?";Ja|Nein;Patientenbefragung;"2025-07-19 16:17:44";;
109000;10010;select;"[CEDUR3.Allgemein.Schwanger_vorherige Schwangerschafte_Anzahl]Anzahl der Schwangerschaften (ohne die aktuelle)?|Angabe 1 bis ≥7";1|2|3|4|5|6|≥7;Patientenbefragung;"2025-07-19 16:17:44";;
101900;10010;select;"[CEDUR3.Allgemein.CDAI001]Welche Diagnose wurde bei Ihnen gestellt?";"Morbus Crohn|Colitis ulcerosa|Colitis indeterminata";Patientenbefragung;"2025-07-19 16:17:44";;
101902;10010;checkbox_1_1;"@MEDIC@Nur terminales Ileum";;Patientenbefragung;"2025-07-19 16:17:44";;
101904;10010;checkbox_1_1;"@MEDIC@Nur Colon";;Patientenbefragung;"2025-07-19 16:17:44";;
101906;10010;checkbox_1_1;@MEDIC@Ileo-Colon;;Patientenbefragung;"2025-07-19 16:17:44";;
101908;10010;checkbox_1_1;"@MEDIC@Oberer GI-Trakt (Öspohagus u./o. Magen u./o. Duodenum)";;Patientenbefragung;"2025-07-19 16:17:44";;
101910;10010;checkbox_1_1;"@MEDIC@Dünndarmbefall (Jejunum / Ileum (außer term. Ileum)";;Patientenbefragung;"2025-07-19 16:17:44";;
102000;10010;select;"[CEDUR3.Allgemein.Montreal_Lokalisation_CU]@MEDIC@Benennen Sie bitte die Lokalisation der Colitis ulcerosa";"Proktitis|Linksseiten Colitis|Pancolitis";Patientenbefragung;"2025-07-19 16:17:44";;
102200;10010;date_tc;"[CEDUR3.Allgemein.DatumErstdiagnose]Datum der Erstdiagnose|in Jahr (vierstellig)";1960|this_year|true|false|Y(MD)|de;Patientenbefragung;"2025-07-19 16:17:44";;
102300;10010;date_tc;"[CEDUR3.Allgemein.DatumErsteSymptome]Ersten Symptome Ihrer Erkrankung?|in Jahr (vierstellig)";1960|this_year|true|false|Y(MD)|de;Patientenbefragung;"2025-07-19 16:17:44";;
102400;10010;select;"[CEDUR3.Allgemein.CDAI003]Waren Sie seit Ihrer letzten CEDUR-Befragung im Krankenhaus?";Ja|Nein;Patientenbefragung;"2025-07-19 16:17:44";;
102500;10010;number;"[CEDUR3.Allgemein.CDAI003Tage]Wieviele Tage?";1|300|1;Patientenbefragung;"2025-07-19 16:17:44";;
106800;10010;select;"[CEDUR3.Allgemein.Stoma]Haben Sie zur Zeit ein Stoma (künstlicher Darmausgang)?";Ja|Nein;Patientenbefragung;"2025-07-19 16:17:44";;
103500;10010;number;"[CEDUR3.Allgemein.CDAI009]Wie viele flüssige / breiige Stuhlgänge (Bei Stoma: Beutelentleerungen) hatten Sie in der vergangenen Woche durchschnittlich pro Tag?";0|50|1;Patientenbefragung;"2025-07-19 16:17:44";;
103600;10010;select;"[CEDUR3.Allgemein.CDAI014]Blutbeimengungen beim Stuhl";"kein Blut|Blut bei weniger als der Hälfte der Stuhlgänge|deutliche Blutbeimengung|Blut auch ohne Stuhl";Patientenbefragung;"2025-07-19 16:17:44";;
103700;10010;select;"[CEDUR3.Allgemein.mayo_pga]@MEDIC@Globale Beurteilung des Krankheitszustandes";"normal|mild|moderate Erkrankung|schwere Erkrankung";Patientenbefragung;"2025-07-19 16:17:44";;
103800;10010;text;"[CEDUR3.Allgemein.mayo_endo]Endoskopischer Befund Mayo Score (falls vorhanden)";;Patientenbefragung;"2025-07-19 16:17:44";;
103900;10010;select;"[CEDUR3.Allgemein.CDAI010]Bauchschmerzen über die letzten 7 Tage";keine|leichte|mäßige|schwere;Patientenbefragung;"2025-07-19 16:17:44";;
104000;10010;select;"[CEDUR3.Allgemein.CDAI011]Ihr Allgemeinbefinden über die letzten 7 Tage";"gut|beeinträchtigt|schlecht|sehr schlecht|unerträglich";Patientenbefragung;"2025-07-19 16:17:44";;
104100;10010;select;"[CEDUR3.Allgemein.CDAI012_haben_oder_hatten]Haben oder hatten Sie Fisteln? (Wenn Sie nicht wissen, was das ist, haben bzw. hatten Sie auch keine)";Ja|Nein;Patientenbefragung;"2025-07-19 16:17:44";;
104200;10010;select;"[CEDUR3.Allgemein.CDAI012]Haben Sie aktuell Fisteln?";Ja|Nein;Patientenbefragung;"2025-07-19 16:17:44";;
104300;10010;select;"[CEDUR3.Allgemein.fistelact]@MEDIC@Perianale Crohn Erkrankung (z.B. Fisteln, Fissuren, Abszesse)";Ja|Nein;Patientenbefragung;"2025-07-19 16:17:44";;
104400;10010;select;"[CEDUR3.Allgemein.fist_and]@MEDIC@Andere Fisteln (z.B. rektovesikal, Bauchdeckenfistel etc.)";Ja|Nein;Patientenbefragung;"2025-07-19 16:17:44";;
104500;10010;select;"[CEDUR3.Allgemein.CDAI012_hatten]Hatten Sie Fisteln?";Ja|Nein;Patientenbefragung;"2025-07-19 16:17:44";;
104600;10010;select;"[CEDUR3.Allgemein.fist_alt]@MEDIC@Analfissur, Analfistel(n)";Ja|Nein;Patientenbefragung;"2025-07-19 16:17:44";;
104700;10010;select;"[CEDUR3.Allgemein.fistel_alt]@MEDIC@Andere Fisteln";Ja|Nein;Patientenbefragung;"2025-07-19 16:17:44";;
104800;10010;select;"[CEDUR3.Allgemein.Stenosen]@MEDIC@Hat oder hatte der Patient Stenosen?";Ja|Nein;Patientenbefragung;"2025-07-19 16:17:44";;
104900;10010;checkbox;[CEDUR3.Allgemein.stenose_ort]@MEDIC@Dünndarmstenose;;Patientenbefragung;"2025-07-19 16:17:44";;
104910;10010;checkbox;[CEDUR3.Allgemein.stenose_ort]@MEDIC@Dickdarmstenose;;Patientenbefragung;"2025-07-19 16:17:44";;
111200;10010;select;"[CEDUR3.Allgemein.weitereErkrankungen]Haben Sie noch weitere Erkrankungen?";Ja|Nein;Patientenbefragung;"2025-07-19 16:17:44";;
1113001;10010;select_mt;"Bitte wählen Sie die Erkrankungen";"Akne inversa|Asthma bronchiale|Bauchspeicheldrüsenkrebs|Blasenentzündung|Bluthochdruck|Brustkrebs|Darmkrebs|Diabetes mellitus|Depression|Eierstock-Krebs|Fatigue Syndrom (ständige Müdigkeit, Abgeschlagenheit)|Fettstoffwechselstörung|Gallensteine|Grauer Star|Grüner Star|Gürtelrose (Herpes zoster)|Hautkrebs (schwarzer und weiÃŸer Hautkrebs)|Haarausfall|Hepatitis (A, B, C, D oder E)|Herzinfarkt|Hodenkrebs|HIV|Koronare Herzkrankheit|Kurzdarmsyndrom|Leberzirrhose|Leukämie|Lungenkrebs|Lymphdrüsenkrebs|Migräne|Multiple Sklerose (MS)|Nierenerkrankung|Nierensteine|Osteoporose|PBC (Primär biliäre Zirrhose / Cholangitis)|Prostatakrebs|PSC (primär)|Rheumatoide Arthritis|Schilddrüsenüberfunktion|Schilddrüsenunterfunktion|Schlafstörungen|Schuppenflechte|Thrombose";Patientenbefragung;"2025-07-19 16:17:44";;
115500;10010;textarea_1;"[CEDUR3.Allgemein.weitereErkrankungen_43]Andere Erkrankungen falls nicht in der Liste:";2;Patientenbefragung;"2025-07-19 16:17:44";;
106900;10010;select;"[CEDUR3.Allgemein.DarmOP]Sind Sie schon einmal wegen Ihrer CED am Darm operiert worden?";"Nein|1 Mal|2 Mal|3 Mal|4 Mal|5 Mal";Patientenbefragung;"2025-07-19 16:17:44";;
107100;10010;date_2;"[CEDUR3.Allgemein.DarmOP_1_Datum]<b>1. Operation:</b>@3@Datum der OP";;Patientenbefragung;"2025-07-19 16:17:44";;
107200;10010;select_1;"[CEDUR3.Allgemein.DarmOP_1Art] Art der OP";"Colektomie|Duenndarm-Resektion|Dünndarm-Resektion|Fistel- / Abszess-OP|Ileocoecal-Resektion|Colon-Teil-Resektion|protektives Ileostoma";Patientenbefragung;"2025-07-19 16:17:44";;
107400;10010;date_2;"[CEDUR3.Allgemein.DarmOP_2_Datum]<b>2. Operation:</b>@3@Datum der OP";;Patientenbefragung;"2025-07-19 16:17:44";;
107500;10010;select_1;"[CEDUR3.Allgemein.DarmOP_2Art] Art der OP";"Colektomie|Duenndarm-Resektion|Dünndarm-Resektion|Fistel- / Abszess-OP|Ileocoecal-Resektion|Colon-Teil-Resektion|protektives Ileostoma";Patientenbefragung;"2025-07-19 16:17:44";;
107700;10010;date_2;"[CEDUR3.Allgemein.DarmOP_3_Datum]<b>3. Operation:</b>@3@@Datum der OP";;Patientenbefragung;"2025-07-19 16:17:44";;
107800;10010;select_1;"[CEDUR3.Allgemein.DarmOP_3Art] Art der OP";"Colektomie|Duenndarm-Resektion|Dünndarm-Resektion|Fistel- / Abszess-OP|Ileocoecal-Resektion|Colon-Teil-Resektion|protektives Ileostoma";Patientenbefragung;"2025-07-19 16:17:44";;
108000;10010;date_2;"[CEDUR3.Allgemein.DarmOP_4_Datum]<b>4. Operation:</b>@3@Datum der OP";;Patientenbefragung;"2025-07-19 16:17:44";;
108100;10010;select_1;"[CEDUR3.Allgemein.DarmOP_4Art] Art der OP";"Colektomie|Duenndarm-Resektion|Dünndarm-Resektion|Fistel- / Abszess-OP|Ileocoecal-Resektion|Colon-Teil-Resektion|protektives Ileostoma";Patientenbefragung;"2025-07-19 16:17:44";;
108300;10010;date_2;"[CEDUR3.Allgemein.DarmOP_5_Datum]<b>5. Operation:</b>@3@Datum der OP";;Patientenbefragung;"2025-07-19 16:17:44";;
108400;10010;select_1;"[CEDUR3.Allgemein.DarmOP-5Art] Art der OP";"Colektomie|Duenndarm-Resektion|Dünndarm-Resektion|Fistel- / Abszess-OP|Ileocoecal-Resektion|Colon-Teil-Resektion|protektives Ileostoma";Patientenbefragung;"2025-07-19 16:17:44";;
119000;10010;visual_range;"[CEDUR3.lebensqualitaet.BUS] Wie stark war Ihr Stuhldrang (plötzliches oder dringendes Bedürfnis) in den vergangenen 24 Stunden?";"Kein Stuhldrang|Schlimmstmöglicher Stuhldrang";Patientenbefragung;"2025-07-19 16:17:44";;
116700;10010;select;"[CEDUR3.lebensqualitaet.SIDBQ_1]<table class='td_num'><tr><td>1.</td><td>Wie oft war das Gefühl von Abgeschlagenheit oder Müdigkeit und Abgespanntheit in den letzten zwei Wochen ein Problem für Sie? Bitte geben Sie an, wie oft das Gefühl von Müdigkeit oder Abgespanntheit in den letzten zwei Wochen ein Problem für Sie war.</td></tr></table>";"Ständig|Meistens|Ziemlich oft|Manchmal|Selten|Fast Nie|Nie";Patientenbefragung;"2025-07-19 16:17:44";;
116800;10010;select;"[CEDUR3.lebensqualitaet.SIDBQ_2]<table class='td_num'><tr><td>2.</td><td>Wie oft mussten Sie aufgrund Ihrer Darmerkrankung in den letzten zwei Wochen Treffen mit Freunden und/oder Verwandten verschieben oder absagen?</td></tr></table>";"Ständig|Meistens|Ziemlich oft|Manchmal|Selten|Fast Nie|Nie";Patientenbefragung;"2025-07-19 16:17:44";;
116900;10010;select;"[CEDUR3.lebensqualitaet.SIDBQ_3]<table class='td_num'><tr><td>3.</td><td>Hatten Sie in den letzten zwei Wochen aufgrund Ihrer Darmerkrankung Schwierigkeiten, gewünschten Sport- und Freizeitaktivitäten nachzugehen?</td></tr></table>";"Sehr grosse Schwierigkeiten|Grosse Schwierigkeiten|Ziemliche Schwierigkeiten|Etwas Schwierigkeiten|Wenig Schwierigkeiten|Kaum Schwierigkeiten|Keine Schwierigkeiten";Patientenbefragung;"2025-07-19 16:17:44";;
117000;10010;select;"[CEDUR3.lebensqualitaet.SIDBQ_4]<table class='td_num'><tr><td>4.</td><td>Wie oft haben Sie in den letzten zwei Wochen unter Bauchschmerzen gelitten?</td></tr></table>";"Ständig|Meistens|Ziemlich oft|Manchmal|Selten|Fast Nie|Nie";Patientenbefragung;"2025-07-19 16:17:44";;
117100;10010;select;"[CEDUR3.lebensqualitaet.SIDBQ_5]<table class='td_num'><tr><td>5.</td><td>Wie oft haben Sie sich in den letzten zwei Wochen bedrückt oder entmutigt gefühlt?</td></tr></table>";"Ständig|Meistens|Ziemlich oft|Manchmal|Selten|Fast Nie|Nie";Patientenbefragung;"2025-07-19 16:17:44";;
117200;10010;select;"[CEDUR3.lebensqualitaet.SIDBQ_6]<table class='td_num'><tr><td>6.</td><td></b> Hatten Sie in den letzten zwei Wochen Probleme mit dem Abgehenlassen von Blähungen?</td></tr></table>";"Sehr grosse Probleme|Grosse Probleme|Ziemliche Probleme|Etwas Probleme|Wenig Probleme|Kaum Probleme|Kein Problem";Patientenbefragung;"2025-07-19 16:17:44";;
117300;10010;select;"[CEDUR3.lebensqualitaet.SIDBQ_7]<table class='td_num'><tr><td>7.</td><td>Hatten Sie in den letzten zwei Wochen Probleme, Ihr gewünschtes Gewicht zu halten oder zu erreichen?</td></tr></table>";"Sehr grosse Probleme|Grosse Probleme|Ziemliche Probleme|Etwas Probleme|Wenig Probleme|Kaum Probleme|Kein Problem";Patientenbefragung;"2025-07-19 16:17:44";;
117400;10010;select;"[CEDUR3.lebensqualitaet.SIDBQ_8]<table class='td_num'><tr><td>8.</td><td>Wie oft haben Sie sich in den letzten zwei Wochen locker und entspannt gefühlt?</td></tr></table>";"Ständig|Meistens|Ziemlich oft|Manchmal|Selten|Fast Nie|Nie";Patientenbefragung;"2025-07-19 16:17:44";;
117500;10010;select;"[CEDUR3.lebensqualitaet.SIDBQ_9]<table class='td_num'><tr><td>9.</td><td>Wie oft haben Sie in den letzten zwei Wochen unter dem Gefühl gelitten, zur Toilette gehen zu müssen, obwohl Ihr Darm leer war?</td></tr></table>";"Ständig|Meistens|Ziemlich oft|Manchmal|Selten|Fast Nie|Nie";Patientenbefragung;"2025-07-19 16:17:44";;
117600;10010;select;"[CEDUR3.lebensqualitaet.SIDBQ_10]<table class='td_num'><tr><td>10.</td><td>Wie oft haben Sie sich in den letzten zwei Wochen aufgrund Ihrer Darmerkrankung zornig gefühlt?</td></tr></table>";"Ständig|Meistens|Ziemlich oft|Manchmal|Selten|Fast Nie|Nie";Patientenbefragung;"2025-07-19 16:17:44";;
117700;10010;select;"[CEDUR3.lebensqualitaet.FACIT_01]<table class='td_num'><tr><td>1.</td><td>Ich bin erschöpft</td></tr></table>";"Überhaupt nicht|Ein wenig|Mäßig|Ziemlich|Sehr";Patientenbefragung;"2025-07-19 16:17:44";;
117800;10010;select;"[CEDUR3.lebensqualitaet.FACIT_02]<table class='td_num'><tr><td>2.</td><td>Ich fühle mich insgesamt schwach</td></tr></table>";"Überhaupt nicht|Ein wenig|Mäßig|Ziemlich|Sehr";Patientenbefragung;"2025-07-19 16:17:44";;
117900;10010;select;"[CEDUR3.lebensqualitaet.FACIT_03]<table class='td_num'><tr><td>3.</td><td>Ich fühle mich lustlos (ausgelaugt)</td></tr></table>";"Überhaupt nicht|Ein wenig|Mäßig|Ziemlich|Sehr";Patientenbefragung;"2025-07-19 16:17:44";;
118000;10010;select;"[CEDUR3.lebensqualitaet.FACIT_04]<table class='td_num'><tr><td>4.</td><td>Ich bin müde</td></tr></table>";"Überhaupt nicht|Ein wenig|Mäßig|Ziemlich|Sehr";Patientenbefragung;"2025-07-19 16:17:44";;
118100;10010;select;"[CEDUR3.lebensqualitaet.FACIT_05]<table class='td_num'><tr><td>5.</td><td>Es fällt mir schwer, etwas anzufangen, weil ich müde bin</td></tr></table>";"Überhaupt nicht|Ein wenig|Mäßig|Ziemlich|Sehr";Patientenbefragung;"2025-07-19 16:17:44";;
118200;10010;select;"[CEDUR3.lebensqualitaet.FACIT_06]<table class='td_num'><tr><td>6.</td><td>Es fällt mir schwer, etwas zu Ende zu führen, weil ich müde bin</td></tr></table>";"Überhaupt nicht|Ein wenig|Mäßig|Ziemlich|Sehr";Patientenbefragung;"2025-07-19 16:17:44";;
118300;10010;select;"[CEDUR3.lebensqualitaet.FACIT_07]<table class='td_num'><tr><td>7.</td><td>Ich habe Energie</td></tr></table>";"Überhaupt nicht|Ein wenig|Mäßig|Ziemlich|Sehr";Patientenbefragung;"2025-07-19 16:17:44";;
118400;10010;select;"[CEDUR3.lebensqualitaet.FACIT_08]<table class='td_num'><tr><td>8.</td><td>Ich bin in der Lage, meinen gewohnten Aktivitäten nachzugehen (Beruf, Einkaufen, Schule, Freizeit, Sport usw.)</td></tr></table>";"Überhaupt nicht|Ein wenig|Mäßig|Ziemlich|Sehr";Patientenbefragung;"2025-07-19 16:17:44";;
118500;10010;select;"[CEDUR3.lebensqualitaet.FACIT_09]<table class='td_num'><tr><td>9.</td><td>Ich habe das Bedürfnis, tagsüber zu schlafen.</td></tr></table>";"Überhaupt nicht|Ein wenig|Mäßig|Ziemlich|Sehr";Patientenbefragung;"2025-07-19 16:17:44";;
118600;10010;select;"[CEDUR3.lebensqualitaet.FACIT_10]<table class='td_num'><tr><td>10.</td><td>Ich bin zu müde, um zu essen</td></tr></table>";"Überhaupt nicht|Ein wenig|Mäßig|Ziemlich|Sehr";Patientenbefragung;"2025-07-19 16:17:44";;
118700;10010;select;"[CEDUR3.lebensqualitaet.FACIT_11]<table class='td_num'><tr><td>11.</td><td>Ich brauche Hilfe bei meinen gewohnten Aktivitäten (Beruf, Einkaufen, Schule, Freizeit, Sport usw.)</td></tr></table>";"Überhaupt nicht|Ein wenig|Mäßig|Ziemlich|Sehr";Patientenbefragung;"2025-07-19 16:17:44";;
118800;10010;select;"[CEDUR3.lebensqualitaet.FACIT_12]<table class='td_num'><tr><td>12.</td><td>Ich bin frustriert weil ich zu müde bin, die Dinge zu tun, die ich machen möchte</td></tr></table>";"Überhaupt nicht|Ein wenig|Mäßig|Ziemlich|Sehr";Patientenbefragung;"2025-07-19 16:17:44";;
118900;10010;select;"[CEDUR3.lebensqualitaet.FACIT_13]<table class='td_num'><tr><td>13.</td><td>Ich musste meine sozialen Aktivitäten einschränken, weil ich müde bin.</td></tr></table>";"Überhaupt nicht|Ein wenig|Mäßig|Ziemlich|Sehr";Patientenbefragung;"2025-07-19 16:17:44";;
119100;10010;select;"<table class='td_num'><tr><td>1.</td><td>Wie würden Sie Ihren Gesundheitszustand insgesamt beschreiben?</td></tr></table>";"ausgezeichnet|sehr gut|gut|einigermaßen|schlecht";Patientenbefragung;"2025-07-19 16:17:44";;
119110;10010;select;"<table class='td_num'><tr><td>2.</td><td>Wie würden Sie Ihr Lebensqualität insgesamt beschreiben?</td></tr></table>";"ausgezeichnet|sehr gut|gut|einigermaßen|schlecht";Patientenbefragung;"2025-07-19 16:17:44";;
119120;10010;select;"<table class='td_num'><tr><td>3.</td><td>Wie würden Sie Ihren körperlichen Gesundheitszustand insgesamt beschreiben?</td></tr></table>";"ausgezeichnet|sehr gut|gut|einigermaßen|schlecht";Patientenbefragung;"2025-07-19 16:17:44";;
119130;10010;select;"<table class='td_num'><tr><td>4.</td><td>Wie würden Sie Ihre psychische Verfassung insgesamt beschreiben?<br>(Dazu zählen Ihre Stimmung und Ihre Fähigkeit, klar zu denken.)</td></tr></table>";"ausgezeichnet|sehr gut|gut|einigermaßen|schlecht";Patientenbefragung;"2025-07-19 16:17:44";;
119140;10010;select;"<table class='td_num'><tr><td>5.</td><td>Wie zufrieden sind Sie insgesamt mit Ihren Aktivitäten mit anderen Menschen und mit Ihren Beziehungen zu anderen?</td></tr></table>";"ausgezeichnet|sehr gut|gut|einigermaßen|schlecht";Patientenbefragung;"2025-07-19 16:17:44";;
119150;10010;select;"<table class='td_num'><tr><td>6.</td><td>Wie gut sind Sie insgesamt in der Lage, Aktivitäten mit anderen Menschen nachzugehen und Ihre Rollen im Alltag und in der Gemeinschaft auszufüllen.<br>(Dazu zählen Aktivitäten zu Hause, am Arbeitsplatz, in Ihrem Umfeld sowie Ihre Aufgaben als Elternteil, Sohn, Tochter, Lebenspartner/-in, im Berufsleben, in Ihrem Freundeskreis usw.)</td></tr></table>";"ausgezeichnet|sehr gut|gut|einigermaßen|schlecht";Patientenbefragung;"2025-07-19 16:17:44";;
119160;10010;select;"<table class='td_num'><tr><td>7.</td><td>Inwieweit sind Sie in der Lage, alltägliche körperliche Aktivitäten auszuführen, z. B. Gehen, Treppensteigen, Einkäufe tragen oder Stühle verschieben?</td></tr></table>";"vollständig|größtenteils|halbwegs|ein wenig|überhaupt nicht";Patientenbefragung;"2025-07-19 16:17:44";;
119170;10010;select;"<table class='td_num'><tr><td>8.</td><td>Wie oft haben Ihnen seelische Probleme zu schaffen gemacht, wie z. B. Angstgefühle, Traurigkeit, Niedergeschlagenheit oder Reizbarkeit? </td></tr></table>";nie|selten|manchmal|oft|immer;Patientenbefragung;"2025-07-19 16:17:44";;
119180;10010;select;"<table class='td_num'><tr><td>9.</td><td>Wie ausgepägt war Ihre Müdigkeit im Durchschnitt?</td></tr></table>";"keine Müdigkeit|schwach|mäßig|stark|sehr stark";Patientenbefragung;"2025-07-19 16:17:44";;
119190;10010;visual_range;"<table class='td_num'><tr><td>10.</td><td>Wie würden Sie Ihre Schmerzen im Allgemeinen einschätzen?</td></tr></table>";"Keine Schmerzen|Schlimmstmögliche Schmerzen";Patientenbefragung;"2025-07-19 16:17:44";;
90;10050;text;;;Nebenwirkung;"2025-07-19 16:18:14";;
91;10050;text;;;Nebenwirkung;"2025-07-19 16:18:14";;
92;10050;text;;;Nebenwirkung;"2025-07-19 16:18:14";;
93;10050;text;;;Nebenwirkung;"2025-07-19 16:18:14";;
10050020;10050;select_col;"Nebenwirkung-Gruppe|Bitte wählen";"Allergische Reaktion|Atemwege|Auge|Gastrointestinal|Haut- und Anhangsgebilde|Herz-Kreislaufsystem|Hormonsystem|Hämatologisch|Infektionen|Malignome|Nervensystem|Niere|Skelettsystem|Stoffwechsel";Nebenwirkung;"2025-07-19 16:18:14";;
10050040;10050;select_col;"Nebenwirkung|Bitte wählen";"Lupus-like Syndrom|vom Soforttyp unter der Infusion|vom verzögerten Typ (Myalgien bis zu 3 Tage nach der Infusion)|Andere|Dyspnoe|Lungenembolie|Andere|""Grauer Star|Grüner Star|Makulaödem|Andere|Diarrhoen|Erbrechen|Gastritis|Hepatitis|Leberwerterhöhung|Obstipation|Pankreatitis|Übelkeit|Andere|Akne|Akne inversa|Alopezie|Cushinggesicht|Exanthem|Pilzbefall|Striae|paradoxe Psoriasis|psoriasiformes Exanthem|Andere|Arrhythmie|Art. Hypertonus|Bradykardie|Herzinsuffizienz|Hypotonie|Myokardiale Ischämie|Tachykardie|Thrombose|Andere|Blutzuckererhöhung|Hyperthyreose|Hypothyreose|Andere|Hämatologisch"", ""Anämie|Leukopenie|Leukozytose|Panzytopenie|Thrombopenie|Thrombozytose|Andere|Atemwege|Augen|Gastrointestinal|Gynäkologischer Bereich|HNO Bereich|Haut- und Anhangsgebilde|Herz- Kreislaufsystem|Nervensystem|Niere und ableitende Harnwege|Skelettsystem";Nebenwirkung;"2025-07-19 16:18:14";;
10050050;10050;date_tc_col;Beginn;1950|this_year|true|false|Y(MD)|de;Nebenwirkung;"2025-07-19 16:18:14";;
10050070;10050;select_col;"Noch andauerend";Ja|Nein;Nebenwirkung;"2025-07-19 16:18:14";;
10050075;10050;date_tc_col;Ende;1950|this_year|true|false|Y(MD)|de;Nebenwirkung;"2025-07-19 16:18:14";;
10050080;10050;select_col;Schweregrad;leicht|mittelgradig|schwerwiegend|lebensbedrohlich|tod;Nebenwirkung;"2025-07-19 16:18:14";;
10050090;10050;select_col;Hospitalisierung;Ja|Nein;Nebenwirkung;"2025-07-19 16:18:14";;
10050100;10050;select_col;UAW-Meldung;Erstmeldung|Folgemeldung;Nebenwirkung;"2025-07-19 16:18:14";;
10050110;10050;select_col;"Maßnahme nach UAW";"keine|Dosisreduktion|neue Dosis|vorübergehend abgesetzt|dauerhaft abgesetzt";Nebenwirkung;"2025-07-19 16:18:14";;
10050120;10050;select_col;"Re-Exposition nach UAW";Ja|Nein;Nebenwirkung;"2025-07-19 16:18:14";;
10050130;10050;select_col;"Erneutes Auftreten?";Ja|Nein;Nebenwirkung;"2025-07-19 16:18:14";;
10050140;10050;select_col;Ausgang;"wiederhergestellt|wiederhergestellt mit Schädigung|nicht wiederhergestellt|unbekannt|Exitus";Nebenwirkung;"2025-07-19 16:18:14";;
10050150;10050;text_col;Todesursache;;Nebenwirkung;"2025-07-19 16:18:14";;
10050160;10050;select_col;"Möglicher medikamentöser Zusammenhang";"kein Zusammenhang|Zusammenhang unwahrscheinlich|Zusammenhang möglich|Zusammenhang wahrscheinlich|Zusammenhang sicher";Nebenwirkung;"2025-07-19 16:18:14";;
10050170;10050;text_col;"Andere Ursache";;Nebenwirkung;"2025-07-19 16:18:14";;
10050180;10050;select_col;Medikament;"Codein Tropfen|Codein Tabletten|Imodium|Lopedium|Loperamid|Opium Tropfen|Paracodin Tropfen|andere Anti-Durchfall Mittel|Amgevita (Adalimumab)|Cimzia (Certolizumab)|Entyvio (Vedolizumab)|Flixabi (Infliximab)|Fymskina (Ustekinumab)|Hukyndra (Adalimumab)|Hulio (Adalimumab)|Humira (Adalimumab)|Hyrimoz (Adalimumab)|Idacio (Adalimumab)|Imraldi (Adalimumab)|Imuldosa (Ustekinumab)|Inflectra (Infliximab)|Omvoh (Mirikizumab)|Otulfi (Ustekinumab)|Pyzchiva (Ustekinumab)|Remicade (Infliximab)|Remsima (Infliximab) als Infusion|Remsima (Infliximab) als subcutan Spritze |Simponi (Golimumab)|Skyrizi (Risankizumab)|Stelara (Ustekinumab)|Steqeyma (Ustekinumab)|Tremfya|Tysabri|Uzpruvo (Ustekinumab)|Wezenla (Ustekinumab)|Yuflyma (Adalimumab)|Yesintek (Ustekinumab)|Zessly|andere Biologika|Budenofalk (Budesonid oral)|Budenofalk uno (Budesonid oral)|Cortiment (Budesonid oral)|Entocort (Budesonid oral)|Budenofalkschaum (Budesonid rektal)|Entocort-Einläufe (Budesonid rektal)|andere Budesonid|Cortison-Präparate"", ""Prednisolon (Cortisonpräparat oral)|Decortin (Cortisonpräparat oral)|andere Cortisonpräparate oral|Betnesol Klysmen (Cortisonpräparate rektal)|Colifoam Rektalschaum (Cortisonpräparate rektal)|Postericort (Cortisonpräparate rektal)|andere Cortisonpräparate rektal|Immunsenker"", ""Azathioprin (klassischer Immunsenker)|Methotrexat (klassischer Immunsenker)|Puri-Nethol (klassischer Immunsenker)|Jyseleca (neuartiger Immunsenker)|Rinvoq (neuartiger Immunsenker)|Velsipity (neuartiger Immunsenker)| Xeljanz (neuartiger Immunsenker)|Zeposia (neuartiger Immunsenker)|andere Immunsenker|Mesalazine"", ""Asacol (Mesalazin)|Claversal (Mesalazin)|Mezavant (Mesalazin)|Pentasa (Mesalazin)|Salofalk (Mesalazin)|Sulfasalazin (Mesalazin)|andere Mesalazine|andere Medikamente"", ""Eisen als Infusion|Eisen als Spritze|Eisentabletten|Eisentropfen|Cholestagel (Gallensäurebinder)|Colestyramin (Gallensäurebinder)|Lipocol (Gallensäurebinder)|Omeprazol (Magenschutz)|Pantozol (Magenschutz)|Vitamin B12|Vitamin B6|Vitamin D|Vitamin D plus Calcium|andere Medikamente";Nebenwirkung;"2025-07-19 16:18:14";;
90;10040;text;;;Untersuchung;"2025-07-19 16:18:20";;
91;10040;text;;;Untersuchung;"2025-07-19 16:18:20";;
92;10040;text;;;Untersuchung;"2025-07-19 16:18:20";;
93;10040;text;;;Untersuchung;"2025-07-19 16:18:20";;
115600;10040;select;"[CEDUR3.Allgemein.eim_auge]Augenbeteiligung (Iris, Uveitis)";Ja|Nein;Untersuchung;"2025-07-19 16:18:20";;
115700;10040;select;"[CEDUR3.Allgemein.eim_temp]Körpertemperatur über 37,8°C";Ja|Nein;Untersuchung;"2025-07-19 16:18:20";;
115800;10040;select;"[CEDUR3.Allgemein.eim_haut]Erythema nodosum, Pyoderma gangraenosum, Stomatitis aphtosa";Ja|Nein;Untersuchung;"2025-07-19 16:18:20";;
115900;10040;select;"[CEDUR3.Allgemein.eim_gelenk]Gelenkschmerzen / Arthritis";Ja|Nein;Untersuchung;"2025-07-19 16:18:20";;
116000;10040;select;"[CEDUR3.Allgemein.cdai_resist]Resistenz im Abdomen";ja|nein|fraglich;Untersuchung;"2025-07-19 16:18:20";;
90;10020;text;;;Medikation;"2025-07-19 16:18:37";;
91;10020;text;;;Medikation;"2025-07-19 16:18:37";;
92;10020;text;;;Medikation;"2025-07-19 16:18:37";;
93;10020;text;;;Medikation;"2025-07-19 16:18:37";;
10020020;10020;select_col;"Medikamenten-Gruppe|Bitte wählen";"Anti-Durchfall Mittel|Biologika|Budesonid|Cortison-Präparate|Immunsenker|Mesalazine|andere Medikamente";Medikation;"2025-07-19 16:18:37";;
10020040;10020;select_col;"Medikament Bezeichnung";"Codein Tropfen|Codein Tabletten|Imodium|Lopedium|Loperamid|Opium Tropfen|Paracodin Tropfen|andere Anti-Durchfall Mittel|Amgevita (Adalimumab)|Cimzia (Certolizumab)|Entyvio (Vedolizumab)|Flixabi (Infliximab)|Fymskina (Ustekinumab)|Hukyndra (Adalimumab)|Hulio (Adalimumab)|Humira (Adalimumab)|Hyrimoz (Adalimumab)|Idacio (Adalimumab)|Imraldi (Adalimumab)|Imuldosa (Ustekinumab)|Inflectra (Infliximab)|Omvoh (Mirikizumab)|Otulfi (Ustekinumab)|Pyzchiva (Ustekinumab)|Remicade (Infliximab)|Remsima (Infliximab) als Infusion|Remsima (Infliximab) als subcutan Spritze |Simponi (Golimumab)|Skyrizi (Risankizumab)|Stelara (Ustekinumab)|Steqeyma (Ustekinumab)|Tremfya|Tysabri|Uzpruvo (Ustekinumab)|Wezenla (Ustekinumab)|Yuflyma (Adalimumab)|Yesintek (Ustekinumab)|Zessly|andere Biologika|Budenofalk (Budesonid oral)|Budenofalk uno (Budesonid oral)|Cortiment (Budesonid oral)|Entocort (Budesonid oral)|Budenofalkschaum (Budesonid rektal)|Entocort-Einläufe (Budesonid rektal)|andere Budesonid|Cortison-Präparate"", ""Prednisolon (Cortisonpräparat oral)|Decortin (Cortisonpräparat oral)|andere Cortisonpräparate oral|Betnesol Klysmen (Cortisonpräparate rektal)|Colifoam Rektalschaum (Cortisonpräparate rektal)|Postericort (Cortisonpräparate rektal)|andere Cortisonpräparate rektal|Immunsenker"", ""Azathioprin (klassischer Immunsenker)|Methotrexat (klassischer Immunsenker)|Puri-Nethol (klassischer Immunsenker)|Jyseleca (neuartiger Immunsenker)|Rinvoq (neuartiger Immunsenker)|Velsipity (neuartiger Immunsenker)| Xeljanz (neuartiger Immunsenker)|Zeposia (neuartiger Immunsenker)|andere Immunsenker|Mesalazine"", ""Asacol (Mesalazin)|Claversal (Mesalazin)|Mezavant (Mesalazin)|Pentasa (Mesalazin)|Salofalk (Mesalazin)|Sulfasalazin (Mesalazin)|andere Mesalazine|andere Medikamente"", ""Eisen als Infusion|Eisen als Spritze|Eisentabletten|Eisentropfen|Cholestagel (Gallensäurebinder)|Colestyramin (Gallensäurebinder)|Lipocol (Gallensäurebinder)|Omeprazol (Magenschutz)|Pantozol (Magenschutz)|Vitamin B12|Vitamin B6|Vitamin D|Vitamin D plus Calcium|andere Medikamente";Medikation;"2025-07-19 16:18:37";;
10020050;10020;date_tc_col;"Startzeitpunkt Medikation";1950|this_year|true|false|Y(MD)|de;Medikation;"2025-07-19 16:18:37";;
10020080;10020;select_col;"Dosierung/ Einnahmefrequenz";"Anf.-Schema A: 4 Spritzen, nach 2 Wochen 2 Spritzen|Anf.-Schema B: 2 Spritzen, nach 2 Wochen 1 Spritze|jede 2. Woche 1 Spritze|jede 2. Woche 2 Spritzen|jede Woche 1 Spritze|jede Woche 2 Spritze|jede 4. Woche 1 Spritze|jede 3. Woche 1 Spritze|alle 8 Tage 1 Spritze|alle 9 Tage 1 Spritze|alle 10 Tage 1 Spritze|alle 11 Tage 1 Spritze|alle 12 Tage 1 Spritze|<hr>|Anfangsschema: 0te - 2te Woche|Anfangsschema: 0te - 2te - 4te Woche|Anfangsschema: 0te - 2te - 6te Woche|Alle 2 Wochen|Alle 3 Wochen|Alle 4 Wochen|Alle 5 Wochen|Alle 6 Wochen|Alle 7 Wochen|Alle 8 Wochen|Alle 9 Wochen|Alle 10 Wochen|Alle 11 Wochen|Alle 12 Wochen|Alle 13 Wochen|Jede Woche|Anderes|<hr>|50mg alle 2 Wochen|50mg alle 3 Wochen|50mg alle 4 Wochen|100mg alle 2 Wochen|100mg alle 3 Wochen|100mg alle 4 Wochen|<hr>|Anfangsschema:  1. Infusion  - nach 4 Wochen erste s.c. Spritze|Anfangsschema:  1. Infusion - nach 8 Wochen erste s.c. Spritze|Anfangsschema:  1. Infusion - nach 12 Wochen erste s.c. Spritze|s.c. Spritze alle 14 Wochen|s.c. Spritze alle 12 Wochen|s.c. Spritze alle 10 Wochen|s.c. Spritze alle 8 Wochen|s.c. Spritze alle 6 Wochen|s.c. Spritze alle 4 Wochen|Infusion alle 4 Wochen|Infusion alle 6 Wochen|Infusion alle 8 Wochen|Infusion alle 10 Wochen|Infusion alle 12 Wochen|Anderes";Medikation;"2025-07-19 16:18:37";;
10020060;10020;date_tc_col;"Bei Absetzung Medikament:";1950|this_year|true|false|Y(MD)|de;Medikation;"2025-07-19 16:18:37";;
10020070;10020;select_col;Absetzungsgrund;"Nebenwirkungen|Hat nicht gewirkt|Hat erst gewirkt, dann aber die Wirkung verloren|Mein eigener Wunsch|Es ging mir gut (Remission)|Operation|Schwangerschaft";Medikation;"2025-07-19 16:18:37";;
91;10003;text;Praxis-Nummer;;Patient;"2025-07-19 16:18:55";;
92;10003;text_r;Patienten-Code|Automatikfeld;;Patient;"2025-07-19 16:18:55";;
10003020;10003;number;Geburtsjahr;1910|this_year|1;Patient;"2025-07-19 16:18:55";;
10003030;10003;select;Geschlecht;weiblich|männlich|divers;Patient;"2025-07-19 16:18:55";;
10003040;10003;text;E-Mail;;Patient;"2025-07-19 16:18:55";;
10003050;10003;idonly_100;;;Patient;"2025-07-19 16:18:55";;
90;10005;text;;;Visite;"2025-07-19 16:19:01";;
91;10005;text;;;Visite;"2025-07-19 16:19:01";;
92;10005;text;;;Visite;"2025-07-19 16:19:01";;
102550;10005;text;;;Visite;"2025-07-19 16:19:01";;
10005020;10005;date;"Datum der Visite";;Visite;"2025-07-19 16:19:01";;
90;10030;text;;;Labor;"2025-07-19 16:35:27";;
91;10030;text;;;Labor;"2025-07-19 16:35:27";;
92;10030;text;;;Labor;"2025-07-19 16:35:27";;
93;10030;text;;;Labor;"2025-07-19 16:35:27";;
110200;10030;number_col;"[CEDUR3.Allgemein.labor_hct]Hämatokrit|in %";15|60|1;Labor;"2025-07-19 16:35:27";;
110300;10030;select_col;"[CEDUR3.Allgemein.labor_calpro]`Calpro?`Calprotectin bestimmt?";Ja|Nein;Labor;"2025-07-19 16:35:27";;
110400;10030;select_col;"[CEDUR3.Allgemein.labor_calpr]`Calpro>50`größer 50mg/kg";Ja|Nein;Labor;"2025-07-19 16:35:27";;
110500;10030;number_col;"[CEDUR3.Allgemein.labor_calpro_value]`Calpro Wert`Calprotectin Wert";51|10000|1;Labor;"2025-07-19 16:35:27";;
110510;10030;text_col;"[CEDUR3.Allgemein.labor_leuko]`Leukoz.`Leukozyten (optional)|in /nl";;Labor;"2025-07-19 16:35:27";;
110600;10030;pair_numb_sel_1;[CEDUR3.Allgemein.labor_hb]Hämoglobin;2|25|1;Labor;"2025-07-19 16:35:27";;
110602;10030;pair_text_sel_2;"[CEDUR3.Allgemein.labor_hb_einheit]`Einh.`|Bitte Einheit angeben";g/dl|mmol/l;Labor;"2025-07-19 16:35:27";;
110700;10030;number_col;"[CEDUR3.Allgemein.labor_ferritin]Ferritin|in ng/ml";0|10000|1;Labor;"2025-07-19 16:35:27";;
110800;10030;select_col;"[CEDUR3.Allgemein.labor_crp]`CRP?`CRP bestimmt?";Ja|Nein;Labor;"2025-07-19 16:35:27";;
110900;10030;select_col;"[CEDUR3.Allgemein.labor_crpgross]`CRP>5`CRP größer 5mg/dl";Ja|Nein;Labor;"2025-07-19 16:35:27";;
111000;10030;number_col;"[CEDUR3.Allgemein.mg/dl]`CRP Wert`CRP|in mg/dl";6|1000|1;Labor;"2025-07-19 16:35:27";;
111100;10030;number_col;"[CEDUR3.Allgemein.labor_albumin]`Albumin `Albumin (optional)";6|1000|1;Labor;"2025-07-19 16:35:27";;
